,title,url,id,description,title,url,id,description
0,Bird Sounds Spectacular : Morning Bird Sound,https://www.youtube.com/watch?v=rYoZgpAEkFs,rYoZgpAEkFs,Bird Sounds Spectacular : Morning Bird Sound Video Produced by Paul Dinning - Wildlife in Cornwall Filmed on March 13th 2017 ...
1,Forest Birdsong Nature Sounds-Relaxing Bird Sounds for Sleeping-Calming Birds Chirping Ambience,https://www.youtube.com/watch?v=2G8LAiHSCAs,2G8LAiHSCAs,"Listening to the sound of birds singing in the calming ambience of a forest helps to relax your mind. The sound of birds Chirping, ..."
2,"Birds Singing - 11 Hour Bird Sounds Relaxation, Soothing Nature Sounds, Birds Chirping",https://www.youtube.com/watch?v=haggdJjc0zI,haggdJjc0zI,Why the Sounds of Nature Are So Good for Health and Well-Being. New data finds that even listening to recordings of nature can ...
3,Singing nightingale  || The best bird song || #shorts #birds,https://www.youtube.com/watch?v=5GlgIRLQ96g,5GlgIRLQ96g,Singing nightingale || The best bird song || #shorts #birds Bird Sounds Spectacular : Morning Bird Song Cuckoo Bird Sound ...
4,Bird Songs - 8 HOURS of Birds Singing in the Forest - Nature Relaxation Video in 4K Ultra HD,https://www.youtube.com/watch?v=Nmmsl2X_--U,Nmmsl2X_--U,"If you can hear the birds singing, you're in the right place‚Äù - Benny Bellamacina This nice little bird is singing for you! What a ..."
5,25 Iconic Bird Sounds,https://www.youtube.com/watch?v=xTPGii-A2VM,xTPGii-A2VM,"In this video you will hear the sounds of 25 common birds I filmed including the Mourning Dove, Northern Cardinal, Red-Winged ..."
6,Bird Sounds!  Learning the sounds of Birds!,https://www.youtube.com/watch?v=kofPPkwR_kU,kofPPkwR_kU,Birds Sounds! Learn the sounds of Birds This video shows different types of birds and the sounds that the birds make. Birds are ...
7,These Bird Sound üíÄüê¶üî• #foryou #viralshort #viralvideo #aura #skull #funk,https://www.youtube.com/watch?v=Y5CmY4PZdHc,Y5CmY4PZdHc,Thanks you for watching my video Subscribe for m√°s v√≠deos! Tags: #beastlysongs #khabylame #aura #viral #viralshort #viralvideo ...
8,ÿßŸÑÿ≠ÿ≥ŸàŸÜ#ÿ∑ŸäŸàÿ± ##jilguero #birds # bird sound #ÿ∑ŸäŸàÿ± ÿßŸÑÿ≠ÿ≥ŸàŸÜ,https://www.youtube.com/watch?v=U7DvzmsESss,U7DvzmsESss,
9,"Relaxing Bird Sounds 4K ~ Birds Singing Heal Stress, Anxiety And Depression, Heal The Mind",https://www.youtube.com/watch?v=zwenk-MvUWc,zwenk-MvUWc,"Relaxing Bird Sounds 4K ~ Birds Singing Heal Stress, Anxiety And Depression, Heal The Mind Don't forget to subscribe to ..."
10,Bird Sounds and Names | Birds Chirping | Birds Sounds Compilation | Learn Bird Names,https://www.youtube.com/watch?v=oB1Yp4ckRvo,oB1Yp4ckRvo,kidsorbit6 Discover the Fascinating World of Bird Sounds: A Compilation Video. Chirps and Tweets: Exploring the Melodies of ...
11,BIRDS Names and Sounds - Learn Bird Species in English,https://www.youtube.com/watch?v=WhRpW0cVmds,WhRpW0cVmds,Bird names and sounds. Can you identify the birds from their sounds? This video helps you learn bird species with their sounds.
12,"Birds Singing - Relaxing Bird Sounds Heal Stress, Anxiety and Depression, Heal The Mind",https://www.youtube.com/watch?v=aL8ygj3_NlQ,aL8ygj3_NlQ,Why the Sounds of Nature Are So Good for Health and Well-Being. New data finds that even listening to recordings of nature can ...
13,Rare Birds Sounds üòØ - Shoebill - Cassowary - Ghost Bird - Ground Hornbill - White Bellbird,https://www.youtube.com/watch?v=Lg0ZbNHlck4,Lg0ZbNHlck4,Rare Birds Sounds - Shoebill - Cassowary Ghost Bird Ground Hornbill White Bellbird #bird #birds #shoebill #cassowary ...
14,Terrifying Bird Sounds | Scariest Bird Calls in the World #TerrifyingBirds #ScarySounds #nature,https://www.youtube.com/watch?v=pdLey-s3Jqs,pdLey-s3Jqs,Prepare to be amazed and frightened by some of the most terrifying bird sounds in the world. These eerie bird calls are both ...
15,Common Loons Calling,https://www.youtube.com/watch?v=xfmvQJ-Nitk,xfmvQJ-Nitk,
16,"Birds Singing 4K ~ 24/7 Soothing Bird Sounds to Heal the Heart, Refresh the Soul, and Improve Memory",https://www.youtube.com/watch?v=GeB8gpkFJJY,GeB8gpkFJJY,"Birds Singing 4K ~ 24/7 Soothing Bird Sounds to Heal the Heart, Refresh the Soul, and Improve Memory Don't forget to subscribe ..."
17,FIVE SCARIEST BIRD SOUNDS IN THE WORLD.,https://www.youtube.com/watch?v=CG1F1im7FYA,CG1F1im7FYA,Ready for a spine-chilling experience? Here are the 5 SCARIEST bird sounds you'll ever hear! From the haunting call of the ...
18,Tropical Birds with Names and Sounds in 4K - Scenic Relaxation Film,https://www.youtube.com/watch?v=0AugFrZPP9U,0AugFrZPP9U,"In this scenic film you will find a beautiful collection of tropical birds around the world including Parrots, Toucans, Cockatoos, ..."
19,8 Hour Happy Sounds for Sad and Lonely Birds | Sound Therapy |,https://www.youtube.com/watch?v=Ul8c03qQ1XA,Ul8c03qQ1XA,Get a Cookie by Subscribing ‚ñ∂Ô∏è http://bit.ly/2Qcwh6p Budgie Fan Links: ‚ñ∂Ô∏è https://linktr.ee/alenaxp Budgie Sounds Happy ...
20,#Asian koel bird Sound,https://www.youtube.com/watch?v=W8D77l4NZN0,W8D77l4NZN0,
21,Cookie Song Cockatiel || Cockatiel Singing  #cockatiel #shorts #cockatielsinging #ginger,https://www.youtube.com/watch?v=W0CUSG5SRZ0,W0CUSG5SRZ0,The rapper Cockatiel Ginger. His video is viral almost everywhere. Posting it to share some cuteness. Video courtesy & credit to ...
22,third oneüíÄ #bird #birds #sounds #scary #edit #phonk #funk,https://www.youtube.com/watch?v=bZKVdtf36W8,bZKVdtf36W8,
23,Forest Birdsong - Relaxing Nature Sounds - Birds Chirping - REALTIME - NO LOOP - 2 Hours - HD 1080p,https://www.youtube.com/watch?v=Qm846KdZN_c,Qm846KdZN_c,"Relax with the pure sound of birds singing (Nightingale, Blackbird, Chaffinch, Cuckoo and others) and the view of a very calm ..."
24,Amazing Small Parrots | Soothing Nature Scenes | Stress Relief | Relaxing Bird Sounds | Calm Time,https://www.youtube.com/watch?v=BsZ3vThlMqc,BsZ3vThlMqc,4K Ultra HD - 60FPS | Wonderful Nature | Relaxing Sounds - No Music Healing Sounds - Relaxing Sounds - Nature Sounds ...
25,"Cat TV for Cats to Watch üò∫ Cute Chipmunks, Birds, Squirrels üêø Nature Fun 4K HDR 60FPS",https://www.youtube.com/watch?v=alN1ePd2mrg,alN1ePd2mrg,"8 hours of pleasing video for cats, dogs, parrots, or other nature lovers. It can relax your kitten or puppy and minimize separation ..."
26,Extraordinary Bird Calls #birds #chicken #edit #epicedits #birb,https://www.youtube.com/watch?v=KN4moHFTRXM,KN4moHFTRXM,
27,terrifying bird sounds #shorts #viralshorts #birds #sound,https://www.youtube.com/watch?v=2JQDyYS16rs,2JQDyYS16rs,"like share and subscribe to my channel for more #shortsvideo Copyright Disclaimer: - Under section 107 of the copyright Act 1976, ..."
28,Bird sounds for kids - PART 1 - Bird Identification: Children Learn Common City Birds and Fowls,https://www.youtube.com/watch?v=mfFldO-B8vE,mfFldO-B8vE,Can you identify the birds from their sounds? This video helps adults and kids learn bird sounds with high-quality bird footage in ...
29,"Relaxing Sleep Music: Deep Meditation Music,  Bird sounds ,  &quot;Soothing Sounds of Nature&quot; Tim Janis",https://www.youtube.com/watch?v=3FMyeGw6Tn0,3FMyeGw6Tn0,"Relaxing Sleep Music: Deep Meditation Music, Bird sounds , ""Soothing Sounds of Nature"" Tim Janis Enjoy the quiet feeling of ..."
30,FOREST BIRDS | SOUND EFFECTS | HIGH QUALITY | NO COPYRIGHT,https://www.youtube.com/watch?v=ufUiBgPouNM,ufUiBgPouNM,Forest Birds Singing | Nature Sound Effects SUBSCRIBE HERE : / soundodyssey06 SEE MORE VIDEOS: Ôøº / @soundodyssey06 ...
31,8 HOURS OF RELAXING NATURE SOUNDS AND GENTLE BIRDSONG,https://www.youtube.com/watch?v=aVS7PHjSxdI,aVS7PHjSxdI,"Relax with the calming sounds of deep forest, softly murmuring stream, and a gentle nightingale birdsong. Create a soothing ..."
32,White bellbird: listen to the world&#39;s loudest bird call,https://www.youtube.com/watch?v=dvK-DujvpSY,dvK-DujvpSY,"A bird found in the Amazon has shattered the record for the loudest call, reaching the same volume as a pneumatic drill. The white ..."
33,SINGING BIRDS,https://www.youtube.com/watch?v=I7dYd-Ra8bk,I7dYd-Ra8bk,"Singing birds, part 1/4. Bird sounds, birds chirping and singing Part 2: ..."
34,Budgie amazing calling sound to make him happy!!!,https://www.youtube.com/watch?v=yg-e7mpHybY,yg-e7mpHybY,budgie #parakeet #budgiesounds #keepitupk #cockatielsofig #parrotsofinstagram #parrotlet #budgielover #budgielove #budgies ...
35,Bird Sounds - Gentle Birds and Forest Stream for Relaxation Meditation. Relaxing Nature&#39;s...,https://www.youtube.com/watch?v=udpoJcJONSY,udpoJcJONSY,Provided to YouTube by The state51 Conspiracy Bird Sounds - Gentle Birds and Forest Stream for Relaxation Meditation.
36,TOP 5 TERRIFYING BIRD SOUND üòµüò±,https://www.youtube.com/watch?v=BgQP8NkDvFg,BgQP8NkDvFg,TOP 5 TERRIFYING BIRD SOUND #birds #scary #shortfeed #shorts #viralvideo here's the top 5 terrifying bird sounds in the ...
37,"Nature Sounds - Birds Singing Without Music, 24 Hour Bird Sounds Relaxation, Soothing Nature Sounds",https://www.youtube.com/watch?v=qzZyaD3GPIc,qzZyaD3GPIc,"In this video, I'm going to show you how to get the relaxation benefits of nature without any music - just the sounds of birds singing."
38,30 Birds Name | ‡§™‡§ï‡•ç‡§∑‡§ø‡§Ø‡•ã‡§Ç ‡§ï‡•á ‡§®‡§æ‡§Æ | Birds Sound | WATRstar,https://www.youtube.com/watch?v=H9Nagmcsye8,H9Nagmcsye8,30 Birds Name | ‡§™‡§ï‡•ç‡§∑‡§ø‡§Ø‡•ã‡§Ç ‡§ï‡•á ‡§®‡§æ‡§Æ | Birds Sound | WATRstar In this video we will learn birds name along with birds ...
39,BIRDS OF THE AMAZON RAINFOREST | COLOURFUL BIRDS | RELAXING SOUNDS | STUNNING NATURE | STRESS RELIEF,https://www.youtube.com/watch?v=AJ-Te27Yx9o,AJ-Te27Yx9o,4K Ultra HD - 60FPS | Wonderful Nature | Relaxing Sounds - No Music Healing Sounds - Relaxing Sounds - Nature Sounds ...
40,Top 5 Terrifying Bird Sounds üò±,https://www.youtube.com/watch?v=VrGH2AyYwW0,VrGH2AyYwW0,Top 5 Terrifying Bird Sounds #shorts #amazing #animals #terrifyingshorts #bird #sounds.
41,Peafowl Bird Sounds/Call #peacock #birds #amazing,https://www.youtube.com/watch?v=sze940wx7PE,sze940wx7PE,
42,10 HOURS Morning Bird Songs and River Sounds for the Best Start of the Day - Morning River 4K UHD,https://www.youtube.com/watch?v=F1gK85IEeDI,F1gK85IEeDI,"Hear the relaxing sounds of nature and enjoy the absence of urban noise. Gentle bird songs, whispers of water, bright greenery ..."
43,10 HOURS BIRD SOUNDS - Gentle Bird Chirping with Natural Forest Stream,https://www.youtube.com/watch?v=xN_9Nqamp_g,xN_9Nqamp_g,Get your full album on iTunes: https://itunes.apple.com/us/album/bird-sounds-morning-birds/id399288659 ‚ñª Join my website ...
44,"Spring Songbirds in 4K: 7 Hours of Beautiful Bird Scenes &amp; Sounds for Relaxation, Study, Sleep UHD",https://www.youtube.com/watch?v=eBD8Cz6IJRg,eBD8Cz6IJRg,DOWNLOAD/DVD/LICENSE ...
45,Birds In The Rain üïäÔ∏è Healing Music For Stress Relief With The Sounds Of Birds And Rain üåßÔ∏è,https://www.youtube.com/watch?v=sKKYL0lyILU,sKKYL0lyILU,Birds In The Rain üïäÔ∏è Healing Music For Stress Relief With The Sounds Of Birds And Rain üåßÔ∏è Welcome to Be YourSelf!! In this ...
46,Mourning Dove call,https://www.youtube.com/watch?v=AOZmkZ72ISI,AOZmkZ72ISI,
47,"Birds Singing Without Music, 8 Hour Bird Sounds Relaxation, Soothing Nature Sounds, Birds Chirping",https://www.youtube.com/watch?v=lNB8iwiQb9k,lNB8iwiQb9k,"8-Hours | Sounds of birds singing without music. Enjoy nothing but robins, blackbirds and several other bird types and listen to ..."
48,Happy budgie sounds ü•∞üíöüíõ‚ú® #budgielife #parakeet #shorts,https://www.youtube.com/watch?v=5zN70IlJmUY,5zN70IlJmUY,Follow along on Instagram: https://www.instagram.com/thelittleburbs/ #budgies #birdlovers #parakeets.
49,Lovebird Singing &amp; Chirping Sounds - Green Fischer Pair,https://www.youtube.com/watch?v=DJ9Ez0pFmCk,DJ9Ez0pFmCk,The green lovebird is the most common lovebird. This is the kind of color we see a lot in their natural habitat in the wild. And this is ...
50,The Most Stunning Nature and Relaxing Bird Sounds to Relieve Stress and Beat Anxiety | Calm Time,https://www.youtube.com/watch?v=8naYdMa7Iu8,8naYdMa7Iu8,4K Ultra HD - 60FPS | Nature Sounds | Soothing Nature | Relaxing Sounds | Magical Bird Sounds. Bird sounds are considered ...
51,Early Morning Wild Birds Chirping and Activity (Songbirds) (Singing Bird Ambience Sound Effects),https://www.youtube.com/watch?v=tpZjV9WzFtE,tpZjV9WzFtE,Provided to YouTube by The Orchard Enterprises Early Morning Wild Birds Chirping and Activity (Songbirds) (Singing Bird ...
52,Bird Sounds | Bird Song | Canary Singing,https://www.youtube.com/watch?v=A51r0WZxw0A,A51r0WZxw0A,bird #birds #birdsounds #birdssounds #birdsinging #birdssinging #nature #animals #pets #aviary #animal #pet #cute.
53,"Birds Hunting Call, Bird Sound Trap, Terkukur Sound Trap, Dove Sound Trap.",https://www.youtube.com/watch?v=Nct70POo-Lc,Nct70POo-Lc,"How to trap birds by sound easily, 100% Dove Calling Sound, Terkukur Sound Trap, Dove Sound Trap, How to Trap Birds By ..."
54,Ranking Bird Noises üê¶üíØ Insp. By @okcron,https://www.youtube.com/watch?v=3WFbxkMFZZw,3WFbxkMFZZw,
55,11 HOURS of Rainforest Birds in 4K - Colorful Breathtaking Birds with Sound by Nature Relaxation,https://www.youtube.com/watch?v=qQgNWg96Rls,qQgNWg96Rls,"ABOUT: A new video that bird lovers and cats will equally love, ""11 Hours of Rainforest Birds"" presents viewers with an all-day ..."
56,Bird sound √ó montagem vozes profundas #viralvideo #youtubeshorts,https://www.youtube.com/watch?v=0DSUHGyTB0c,0DSUHGyTB0c,
57,Birds sound ¬ª¬ª¬ª¬ª¬ª üóøüç∑‚ò†Ô∏è #shorts #edit #trending,https://www.youtube.com/watch?v=vp3LTlsUtDI,vp3LTlsUtDI,https://youtube.com/shorts/AWdAiju4c3I?si=EEu3c-AU360OISGE.
58,Bird SoundsüíÄ ##shorts #birds #sound #edit,https://www.youtube.com/watch?v=DEEwNFQJ47g,DEEwNFQJ47g,
59,"Bird Sounds 4K ~ Soft Birdsong for Healing Anxiety and Depression üåø Relax the Brain, Please the Soul",https://www.youtube.com/watch?v=70SM5SZLYaQ,70SM5SZLYaQ,"Bird Sounds 4K ~ Soft Birdsong for Healing Anxiety and Depression Relax the Brain, Please the Soul Don't forget to subscribe ..."
60,"Birds Chirping - 24 Hour Bird Sounds Relaxation, Soothing Nature Sounds, Birds Chirping",https://www.youtube.com/watch?v=MOu4_wpy40U,MOu4_wpy40U,Why the Sounds of Nature Are So Good for Health and Well-Being. New data finds that even listening to recordings of nature can ...
61,Nature Sound Relaxation-Soothing Forest Birds Singing-Relaxing Sleep-Bird Chirping Sound #shorts,https://www.youtube.com/watch?v=mNvn4zBInAg,mNvn4zBInAg,"Relaxation It is a beautiful feeling to stand near a waterfall, stare at the water flowing over the edge and let the sound you create ..."
62,Beautiful birds sounds | Singing birds | Beautiful birds sound in the Forest | Colourful birds sound,https://www.youtube.com/watch?v=6w1lojFbl64,6w1lojFbl64,Beautiful birds sound Singing birds Beautiful birds sound in the Forest Colourful birds sound Loudest birds in the world The most ...
63,NORMAL AND SCARY BIRD SOUNDS üíÄ #animals #edit #meme,https://www.youtube.com/watch?v=Hox9towfhzM,Hox9towfhzM,trollface #trollfaceedit #meme #memes #edit #shorts #trending #animals Please subscribe; I need you to make my dream come ...
64,This Bird Can Cry Like a Baby: The Scariest Bird Sounds,https://www.youtube.com/watch?v=VQB9A7zMg8M,VQB9A7zMg8M,
65,The Most Scariest Bird Sounds üíÄ,https://www.youtube.com/watch?v=wtBqcpbvNfQ,wtBqcpbvNfQ,
66,"Birds Chirping 4K ~ 24/7 Birdsong to Relieves stress, prevents anxiety and depression, Heal The Mind",https://www.youtube.com/watch?v=XeFv_gxuXKo,XeFv_gxuXKo,"Birds Chirping 4K ~ 24/7 Birdsong to Relieves stress, prevents anxiety and depression, Heal The Mind Don't forget to subscribe to ..."
67,Amazing! Bird Sounds From The Lyre Bird - David Attenborough  - BBC Wildlife,https://www.youtube.com/watch?v=VjE0Kdfos4Y,VjE0Kdfos4Y,Want more natural history and wildlife videos? Visit the official BBC Earth channel: http://bit.ly/BBCEarthWW BBC Earth The BBC ...
68,#youtubeshorts #shortvideo #shorts #birds #sound @nisargaveswarga#nature,https://www.youtube.com/watch?v=61XMOHpLUIM,61XMOHpLUIM,youtubeshorts #shortvideo #shorts #birds #sound @nisargaveswarga #nature.
69,Female Cockatiel Calling Sound #cockatiel #birds,https://www.youtube.com/watch?v=JMYaRkPYaP8,JMYaRkPYaP8,Cockatiel sound cockatiel calling sounds female cockatiel bird.
70,Parrot Calling Sound#1#shorts #parrot,https://www.youtube.com/watch?v=NAk7f2QfBnk,NAk7f2QfBnk,
71,SCARIEST BIRD SOUNDS IN THE WORLD #shorts,https://www.youtube.com/watch?v=61bDgnNR1Cw,61bDgnNR1Cw,
72,"Help Lonely Budgies to Chirp, Nature Parakeets Bird Sound 12 Hr",https://www.youtube.com/watch?v=XEw5hCSPCXA,XEw5hCSPCXA,"Some people's budgies don't chirp, and playing this video will help lonely birds start to chirp. #1 best seller in Bird Swings ..."
73,2 Hours of Budgie Best Friends - Mango and Chutney - Singing and Talking Sounds,https://www.youtube.com/watch?v=83ciXUKb1IM,83ciXUKb1IM,Brand new 2 hours of Mango and Chutney budgie best friends! Play for your budgies! 2 hours of budgie companionship for your ...
74,Top 5 Terrifying Bird sounds In The World üò® -  Part2 #shorts #short #viralvideo,https://www.youtube.com/watch?v=zrg7LX49IOE,zrg7LX49IOE,Top 5 Terrifying Bird sounds In The World - Part2 #shorts #viralvideo #viralshorts #world #animals #facts #ideas.
75,Top 5 Terrifying Bird Sounds You Won‚Äôt Believe! | Zain Sheikh,https://www.youtube.com/watch?v=PDHriVW2UKI,PDHriVW2UKI,TerrifyingBirds #ScarySounds #WhiteBellbird #KiwiBird #Cassowary #Loon #NatureSounds #Wildlife #BirdCalls #ZainSheikh ...
76,The Bird Song,https://www.youtube.com/watch?v=kihqP4GRxvQ,kihqP4GRxvQ,"Provided to YouTube by Stem Disintermedia Inc. The Bird Song ¬∑ Noah Floersch The Bird Song ‚Ñó 2024 Noah Floersch, distributed ..."
77,The Scariest Bird Sounds In The World üò®üò±-Part1 #shorts #viral #shortvideo,https://www.youtube.com/watch?v=P2kvJ7EuUuI,P2kvJ7EuUuI,The Scariest Bird Sounds In The World birds calling kevin gates birds for cats birds video birds imagine dragons birds of a ...
78,Budgie Sounds for Lonely birds to make them happy,https://www.youtube.com/watch?v=1UyenXk7S5M,1UyenXk7S5M,Get a Cookie by Subscribing ‚ñ∂Ô∏è http://bit.ly/2Qcwh6p Budgie Fan Links: ‚ñ∂Ô∏è https://linktr.ee/alenaxp Budgie Sounds Happy ...
79,Cat TV for Cats to Watch üò∫ Unlimited Birds Chipmunks Squirrels üêø 8 Hours 4K HDR 60FPS,https://www.youtube.com/watch?v=MrSYP-cotdg,MrSYP-cotdg,"8 hours of pleasing video for cats, dogs, parrots, or other nature lovers. It can relax your kitten or puppy and minimize separation ..."
80,Old World Sparrow Bird Song Call Sound And Chirping,https://www.youtube.com/watch?v=h9AoB2JSoCg,h9AoB2JSoCg,Old World Sparrow Call Sound And Chirping The Video's about : relaxing bird sounds relaxing sounds birds relaxing music birds ...
81,Thrush Bird Sound - Birds Sounds 2022,https://www.youtube.com/watch?v=2i8GvNOB6Cw,2i8GvNOB6Cw,Pro Hunters.
82,"12 Hr Happy Parakeets Sing Playing &amp; Eating, Cute Budgies Chirping. Reduce Stress of lonely Birds",https://www.youtube.com/watch?v=Uh9zMXAZbhQ,Uh9zMXAZbhQ,"Help Quiet Parakeets Sing Playing This, Cute Budgies Chirping. Reduce Stress of lonely Birds. bird TV, Budgie TV, Parakeet TV."
83,Singing NIGHTINGALE - the best BIRD SONG,https://www.youtube.com/watch?v=XdlIbNrki5o,XdlIbNrki5o,Full version: https://www.youtube.com/watch?v=2ETObczROVE&ab_channel=WildlifeWorld Thrush nightingale (Luscinia luscinia) ...
84,World&#39;s Weirdest Bird Sounds - Part One,https://www.youtube.com/watch?v=Ray5GGBlZHk,Ray5GGBlZHk,Birds make some of the weirdest sounds in the natural world - here's just a handful of some of the most outrageous! Check out ...
85,Top 5 Funniest Bird Sounds Ever!,https://www.youtube.com/watch?v=_o40zCONF-U,_o40zCONF-U,"Top 5 funniest bird sounds in the world! From the Grouse Bird to the White Bell Bird, These the top 5 most funny bird sounds if the ..."
86,"Majestic Forest Sounds, Pleasant Birds Chirping, Peaceful Stream in the Mountains, Pleases the Soul",https://www.youtube.com/watch?v=JrXifDqXjRw,JrXifDqXjRw,forestsounds #naturesounds #chirpingbirds #relaxing #birdschirping #riversounds Immerse yourself in the serene tranquility of ...
87,the scariest birds sounds in the world#youtubeshorts #shortsfeed #fact#factshorts,https://www.youtube.com/watch?v=oeuBfBCUs-w,oeuBfBCUs-w,
88,Most Beautiful Tropical Birds | Amazing Birds Chirp | Stress Relief | Healing Nature Sounds,https://www.youtube.com/watch?v=sJiTLycysHs,sJiTLycysHs,4K Ultra HD - 60FPS | Wonderful Nature | Awesome Bird Sounds Immerse in the Soothing Harmony of Nature's Healing Sounds: ...
89,part 2ü§ûthe scariest Birds sounds in the world #youtubeshorts #shortsfeed #facts #shortsvideo,https://www.youtube.com/watch?v=R4bpxgqL-2c,R4bpxgqL-2c,
90,Dangerous Owl Sound ü¶â| owl #shorts,https://www.youtube.com/watch?v=eSiCV4XXlWY,eSiCV4XXlWY,Amazing Owl Sound | Dangerous owl #shorts #owl #owlsounds #whatsappstatus animals sound effects | Sound Effects | Owl ...
91,Kookaburra Laughing,https://www.youtube.com/watch?v=7jW7A2glZbk,7jW7A2glZbk,Check out Matilda Kookaburra laughing! You can visit Matilda at the Hamill Family Play Zoo or our other kookaburras in Australia ...
92,üê¶bird sound #viral #birdsounds #natureshorts #trending #relaxingmusic #music #livesong #shorts,https://www.youtube.com/watch?v=LQLcyezBekM,LQLcyezBekM,bird sound #viral #birdsounds #natureshorts #trending #relaxingmusic #music #livesong views #natureshorts #viral #nature ...
93,Rainbow chicks -Chick sound - Cute baby chicken #birds #animals #chicks #cuteanimals  #shortvideo,https://www.youtube.com/watch?v=qucuMYrf9c4,qucuMYrf9c4,Colored chicks -Baby chicks #cuteanimals#animals #babychickschirping #babychicken #cute #shortsyoutube.
94,The Scariest Bird Sounds In The World #bjrd #sounds #animal #scary #mrken #facts,https://www.youtube.com/watch?v=aN8gBESIoBQ,aN8gBESIoBQ,
95,The most terrifying bird sounds in the world üïäÔ∏è üåç,https://www.youtube.com/watch?v=oVKWsARkMo0,oVKWsARkMo0,The most terrifying bird sounds in the world üïäÔ∏è #viral #shortfeed #birds #scary #shorts here's the most terrifying bird sounds in ...
96,The Mourning Dove&#39;s sound is so nostalgic #nostalgia #shorts,https://www.youtube.com/watch?v=VSwjzX6YFnw,VSwjzX6YFnw,
97,Forest River Nature Sounds-Mountain Stream Waterfall-8 Hr Relaxing Birds &amp; Water Sounds for Sleeping,https://www.youtube.com/watch?v=PwSHOI7DwWM,PwSHOI7DwWM,Birds and water sounds is what this nature sounds video is all about. The nature sounds I have captured and presented in this ...
98,Cockatiel Companion 12 HOURS of BIRD NOISE!!! Play this to your Cockatiel,https://www.youtube.com/watch?v=MBvamrxcm74,MBvamrxcm74,Do you go to work and feel bad for leaving your tiel home alone? Well feel bad no more! Just set this video going before you leave ...
99,Common myna bird song /Indian maina sound /mynah singing,https://www.youtube.com/watch?v=ahV6tfZwhQA,ahV6tfZwhQA,"The common myna or Indian myna (Acridotheres tristis), sometimes spelled mynah,[2] is a member of the family Sturnidae ..."
100,Identify Your Backyard Birds,https://www.youtube.com/watch?v=pEXX6Oyuj4k,pEXX6Oyuj4k,Identifying 80 Backyard Birds! Real video examples of 80 common Backyard Birds Identified by a combination of sights and ...
101,"Birds Singing -  Relaxing Bird Sounds Heal Stress, Soothing Nature Sounds, Woodland Birds Chirping",https://www.youtube.com/watch?v=EmAIA98YqP0,EmAIA98YqP0,"Welcome to our YouTube channel, where the sweet melodies of birds mixed with nature sounds will take you on a journey of ..."
102,"Forest Ambience, Water Sounds, Birds Singing, ASMR",https://www.youtube.com/watch?v=pj3iV9OjCgM,pj3iV9OjCgM,This is a morning scene in the forest with a gently flowing stream. A cool breeze blows and little birds sing. The sounds of the ...
103,"Beautiful Relaxing Music With Bird Sounds ü¶ú Piano Music, Positive Energy For Morning, Study and Work",https://www.youtube.com/watch?v=LcOn6z-cf8Y,LcOn6z-cf8Y,"Beautiful Relaxing Music With Bird Sounds Piano Music, Positive Energy For Morning, Study and Work Beautiful Relaxing ..."
104,"50-plus bird calls, one OKC boy equals a social media sensation",https://www.youtube.com/watch?v=7Y-KJEfn0ag,7Y-KJEfn0ag,"50-plus bird calls, one OKC boy equals a social media sensation Stay informed about Oklahoma news and weather! Follow KFOR ..."
105,THE MAGICAL WORLD OF PARROTS | WONDERFUL RELAXING SOUNDS | BIRDS SOUNDS | SOOTHING NATURE |,https://www.youtube.com/watch?v=og1yEXl0W1E,og1yEXl0W1E,4K Ultra HD - 60FPS | Wonderful Nature | Relaxing Sounds | Parrots | Stress Relief Parrots are a diverse group of colourful and ...
106,Five Little Birds 3 + More Nursery Rhymes &amp; Kids Songs - CoComelon,https://www.youtube.com/watch?v=PIYWT6VkCKI,PIYWT6VkCKI,"Subscribe for new videos every week! https://www.youtube.com/c/Cocomelon?sub_confirmation=1 A new compilation video, ..."
107,Attenborough: the amazing Lyre Bird sings like a chainsaw! Now in high quality | BBC Earth,https://www.youtube.com/watch?v=mSB71jNq-yQ,mSB71jNq-yQ,"The world is an amazing place full of stories, beauty and natural wonder. Jump in to BBC Earth's YouTube channel and meet your ..."
108,Nightingale Singing: The Best Bird Song in the World ~ Luscinia megarhynchos,https://www.youtube.com/watch?v=IvgKsXObQNI,IvgKsXObQNI,License the footage here: https://1url.cz/gugfj ‚îÅ‚îÅ‚îÅ‚îÅ‚îÅ‚îÅ‚îÅ‚îÅ‚îÅ‚îÅ‚îÅ‚îÅ‚îÅ‚îÅ‚îÅ‚îÅ The common nightingale (Luscinia ...
109,"BEST NIGHTINGALE SONG - 3 Hours REALTIME Nightingale Singing, NO LOOP - Birdsong, Birds Chirping",https://www.youtube.com/watch?v=NK2_bcQcoD4,NK2_bcQcoD4,Relaxing clear sound of Nightingale singing accompanied by the gentle trickling sound of a peaceful river flowing through a lush ...
110,TOP 5 SCARIEST BIRD SOUNDS üò±üî• #shorts #birds #scary #viralvideo,https://www.youtube.com/watch?v=6Ciod1ZNdUU,6Ciod1ZNdUU,TOP 5 SCARIEST BIRD SOUNDS #shorts #birds #scary #viralvideo Disclaimer: While I believe all content used in this video ...
111,Most Beautiful Parrots of Australia | Colourful Birds | Relaxing Nature Sounds | Australian Wildlife,https://www.youtube.com/watch?v=hX3L9W9Xdg8,hX3L9W9Xdg8,4K Ultra HD - 60FPS | Wonderful Nature | Relaxing Sounds - No Music Healing Sounds - Relaxing Sounds - Nature Sounds ...
112,The Last Call Of A Species. Kaua ªi  ª≈ç ª≈ç bird recorded in 1987.,https://www.youtube.com/watch?v=x2KH5AoyeBc,x2KH5AoyeBc,The last Kaua ªi  ª≈ç ª≈ç bird was a male. Its song was recorded in 1987 and it was actually a mating call. Invitation for a female who ...
113,Cat Games : A Video for Cats to Watch Birds,https://www.youtube.com/watch?v=37cjLl07t5w,37cjLl07t5w,Cat Games : A Video for Cats to Watch Birds Video Produced by Paul Dinning - Wildlife in Cornwall Filmed in May 2017.
114,The Scariest Bird Sounds In The World üò≥ Pt.2 #shorts,https://www.youtube.com/watch?v=6up3eFRKmYg,6up3eFRKmYg,
115,Most Beautiful Birds in the World | Breathtaking Beauty of Earth&#39;s Most Exquisite Birds | Relaxation,https://www.youtube.com/watch?v=G-rsmbK7gdY,G-rsmbK7gdY,4K Ultra HD - 60FPS | Enchanting Natural Harmony | Serene Soundscape for Relaxation | The Breathtaking Beauty of Earth's ...
116,Guess the Bird | 30 British Bird Calls,https://www.youtube.com/watch?v=0s_sIiWXp84,0s_sIiWXp84,Guess the Bird | British Bird Calls How well do you know British bird calls and songs? In this guess the sound video you will hear ...
117,Northern Cardinal Bird Sound   Natural sound of singing birds,https://www.youtube.com/watch?v=84mCE9c9bgY,84mCE9c9bgY,thanks for watching and subbscribe The northern cardinal (Cardinalis cardinalis) is a bird in the genus Cardinalis; it is also known ...
118,National bird sound part 2 #viralvideo #youtubeshorts,https://www.youtube.com/watch?v=-Nzj8CZghG0,-Nzj8CZghG0,
119,White-Breasted Waterhen Sound,https://www.youtube.com/watch?v=fPLxfu28se4,fPLxfu28se4,"White-Breasted Waterhen (Amaurornis Phoenicurus) is a species of bird that belongs to the family Rallidae. Usually, this bird can ..."
120,These Scary Bird Sounds Will Haunt Your Dreams! #animals #youtubeshorts,https://www.youtube.com/watch?v=1pCZwZttW3I,1pCZwZttW3I,
121,TOP 5 Scariest Bird Soundsüåé,https://www.youtube.com/watch?v=w_Po4ppmM34,w_Po4ppmM34,TOP 5 Scariest Bird Sounds #viralshorts #birdsound #shorts #shortfeed WARNING: These bird sounds are not your typical ...
122,SCARIEST BIRD SOUNDS PART 2 #shorts,https://www.youtube.com/watch?v=PyS4tyFcZOA,PyS4tyFcZOA,
123,This Talented Kid Sounds Just Like a Bird,https://www.youtube.com/watch?v=64jB0vTbrLY,64jB0vTbrLY,Viral sensation Samuel Henderson stops by ‚ÄúThe Jennifer Hudson Show‚Äù to showcase his amazing ability to mimic over 50 bird ...
124,Hawk Sounds to Scare Birds #shorts #youtubeshorts #viral #trending #scary #birdsounds,https://www.youtube.com/watch?v=uWp0O6ipYog,uWp0O6ipYog,Your Queries:- hawk noises to scare birds hawk sounds hawk sounds to scare birds sounds to scare birds away sound to scare ...
125,Experience the MOST RELAXING 3 Hours of Budgies Bird Sound EVER!,https://www.youtube.com/watch?v=z7hh2h51YLU,z7hh2h51YLU,Get a Cookie by Subscribing ‚ñ∂Ô∏è http://bit.ly/2Qcwh6p Budgie Fan Links: ‚ñ∂Ô∏è https://linktr.ee/alenaxp Budgie Sounds Happy ...
126,Strange Bird üò®,https://www.youtube.com/watch?v=mEWm_Rauyv4,mEWm_Rauyv4,shorts #youtubeshorts #birds #bird #popular Credit: spiritwalker on TikTok and insta This Video is only for education purpose.
127,"BEAUTIFUL BIRDSONG DEEP IN THE FOREST, RELAXING NATURE SOUNDS, SINGING NIGHTINGALE",https://www.youtube.com/watch?v=0WsHTRixPcc,0WsHTRixPcc,The deep forest is full of amazing sounds. I can't explain it but every time I'm in the woods I'm so relaxed and peaceful as if I was ...
128,"Birds Singing Without Music - Bird Sounds Relaxation, Soothing Nature Sounds, Birds Chirping",https://www.youtube.com/watch?v=NOPdA17Z0qw,NOPdA17Z0qw,"Welcome to our YouTube channel, where the sweet melodies of birds mixed with nature sounds will take you on a journey of ..."
129,Mourning Dove Coo,https://www.youtube.com/watch?v=7oNljd7R1f8,7oNljd7R1f8,Quick video of a Mourning Dove Coo. High quality video and sound. Sarcastic answers to frequently asked questions: 1) The ...
130,chipping sparrow bird song #shorts,https://www.youtube.com/watch?v=5NS8txi5Fho,5NS8txi5Fho,Chipping sparrow is a small songbird found throughout much of North America. It's trill-like song is heard often in the spring ...
131,Shoebill stork clattering sounds like machine guun~!! (Japan Matsue Vogel Park),https://www.youtube.com/watch?v=kDMHHw8JqLE,kDMHHw8JqLE,"twitter https://twitter.com/matsuevogelpark The shoebill (Balaeniceps rex) also known as whalehead, whale-headed stork, ..."
132,SHOEBILL | A BIRD SOUNDS LIKE AK 47 | natureXploration #shorts #animalsounds #shoebill,https://www.youtube.com/watch?v=2R3cY2-W-PM,2R3cY2-W-PM,This wonderful bird sounds like AK-47 gun.
133,The Scariest Bird Sounds You&#39;ll Ever Hear! üò≥#ScaryBirdSounds #TerrifyingBirds #foryou #fyp,https://www.youtube.com/watch?v=Fybl_6FlTX8,Fybl_6FlTX8,Experience the most terrifying bird sounds that nature has to offer! From the haunting call of the Black-collared Starling to the eerie ...
134,"Vlog#79:White Breasted Water Hen(TIKLING)Sounds,To Call Them/100% VERY EFFECTIVE!(Via Bluetooth).",https://www.youtube.com/watch?v=FkQAyuabNgU,FkQAyuabNgU,TIKLINGSOUNDS #WHITEBREASTEDWATERHENCALL #RUAKRUAKSOUNDS #TIKLINGSOUNDSTRAP.
135,"Aussie birds and their calls - new, revised version",https://www.youtube.com/watch?v=vhlE13EqjJk,vhlE13EqjJk,This is my 'latest and greatest' version of Aussie birds and their calls. It includes a number of different birds that weren't in the ...
136,"Budgie TV - Happy, Active, Playful Budgie Sounds, Help your bird sing",https://www.youtube.com/watch?v=XI_4R-d_G8s,XI_4R-d_G8s,"If this is your first time to our YouTube ‚Äì G'day, and welcome. To our amazing Subscribers Welcome Back ! We are here not only ..."